message,category
そうだね、プロテインだね,muscle_training
筋肉は裏切らない,muscle_training
ダンベルはずっと待っててくれる。ダンベルはズッ友,muscle_training
寝ろ。,muscle_training
覚えておいて。君は自由だ,muscle_training
筋トレしよう,muscle_training
なんとかなる,muscle_training
鍛えて裏切らないもの。直感と筋肉,muscle_training
筋肉留学。やー,muscle_training
お金は使ったらなくなるけど、筋肉は一生の財産になる。,muscle_training
筋肉の痛みは成長の印,muscle_training
筋肉に聞いてみな,muscle_training
きつくても辛くても楽しい!,muscle_training
大きな筋肉に、小さな悩みは宿らない,muscle_training
筋肉はキッチンで作られる,muscle_training
アルコールで消える程度の筋肉はいらない,muscle_training
ジムに来るまでが筋トレだ,muscle_training
休むこともまたトレーニング,muscle_training
筋肉というのはね、自分より強いものを倒す柔らかい武器だよ,muscle_training
ベストは尽くすものではなく、超えるもの,muscle_training
鍛えよう、鍛えよう、真摯に鍛えよう。最高の自分を創り上げよう,muscle_training